"","DK","BK","BS","cos1","cos2","cos3","Confusion_score"
"pmig1",8.00060555530778,10.3016038432706,7.95267082823516,0.674334163943162,0.523712786888205,0.520575020711584,11.3790118791801
"pmig2",7.96780960875916,10.3345751375686,8.04443721688357,0.67414990123637,0.519759931038532,0.524758539472977,11.3986450923937
"pmig3",7.95078009031796,10.2034030097006,8.04438895895732,0.669833492164452,0.521953194269208,0.528098433785735,11.9529729468525
"Tpm4_1",8.41113799903184,9.08593169681713,8.30473046495349,0.609437391344055,0.564175713775233,0.557038445727006,35.1900061525789
"Tpm4_2",8.42674822939796,9.17458352730543,8.32180261193057,0.612407660177062,0.562489310899813,0.555484142779891,32.2156277106263
"Tpm4_3",8.35369937401574,9.3255162217765,8.28812026433145,0.621090664964982,0.556366486930694,0.551998838869934,25.8457821811984
